<?xml version="1.0" encoding="UTF-8"?>
<config xmlns="http://www.knime.org/2008/09/XMLConfig" xmlns:xsi="http://www.w3.org/2001/XMLSchema-instance" xsi:schemaLocation="http://www.knime.org/2008/09/XMLConfig http://www.knime.org/XMLConfig_2008_09.xsd" key="MiningSchema">
<config key="learning">
<entry key="array-size" type="xint" value="49"/>
<entry key="0" type="xstring" value="Col0"/>
<entry key="1" type="xstring" value="Col1"/>
<entry key="2" type="xstring" value="Col2"/>
<entry key="3" type="xstring" value="Col3"/>
<entry key="4" type="xstring" value="Col4"/>
<entry key="5" type="xstring" value="Col5"/>
<entry key="6" type="xstring" value="Col6"/>
<entry key="7" type="xstring" value="Col7"/>
<entry key="8" type="xstring" value="Col8"/>
<entry key="9" type="xstring" value="Col9"/>
<entry key="10" type="xstring" value="Col10"/>
<entry key="11" type="xstring" value="Col11"/>
<entry key="12" type="xstring" value="Col12"/>
<entry key="13" type="xstring" value="Col13"/>
<entry key="14" type="xstring" value="Col14"/>
<entry key="15" type="xstring" value="Col15"/>
<entry key="16" type="xstring" value="Col16"/>
<entry key="17" type="xstring" value="Col17"/>
<entry key="18" type="xstring" value="Col18"/>
<entry key="19" type="xstring" value="Col19"/>
<entry key="20" type="xstring" value="Col20"/>
<entry key="21" type="xstring" value="Col21"/>
<entry key="22" type="xstring" value="Col22"/>
<entry key="23" type="xstring" value="Col23"/>
<entry key="24" type="xstring" value="Col24"/>
<entry key="25" type="xstring" value="Col25"/>
<entry key="26" type="xstring" value="Col26"/>
<entry key="27" type="xstring" value="Col27"/>
<entry key="28" type="xstring" value="Col28"/>
<entry key="29" type="xstring" value="Col29"/>
<entry key="30" type="xstring" value="Col30"/>
<entry key="31" type="xstring" value="Col31"/>
<entry key="32" type="xstring" value="Col32"/>
<entry key="33" type="xstring" value="Col33"/>
<entry key="34" type="xstring" value="Col34"/>
<entry key="35" type="xstring" value="Col35"/>
<entry key="36" type="xstring" value="Col36"/>
<entry key="37" type="xstring" value="Col37"/>
<entry key="38" type="xstring" value="Col38"/>
<entry key="39" type="xstring" value="Col39"/>
<entry key="40" type="xstring" value="Col40"/>
<entry key="41" type="xstring" value="Col41"/>
<entry key="42" type="xstring" value="Col42"/>
<entry key="43" type="xstring" value="Col43"/>
<entry key="44" type="xstring" value="Col44"/>
<entry key="45" type="xstring" value="Col45"/>
<entry key="46" type="xstring" value="Col46"/>
<entry key="47" type="xstring" value="Col47"/>
<entry key="48" type="xstring" value="Col48"/>
</config>
<config key="target">
<entry key="array-size" type="xint" value="0"/>
</config>
</config>
