<?xml version="1.0" encoding="UTF-8"?>
<config xmlns="http://www.knime.org/2008/09/XMLConfig" xmlns:xsi="http://www.w3.org/2001/XMLSchema-instance" xsi:schemaLocation="http://www.knime.org/2008/09/XMLConfig http://www.knime.org/XMLConfig_2008_09.xsd" key="MiningSchema">
<config key="learning">
<entry key="array-size" type="xint" value="123"/>
<entry key="0" type="xstring" value="Col0"/>
<entry key="1" type="xstring" value="Col1"/>
<entry key="2" type="xstring" value="Col2"/>
<entry key="3" type="xstring" value="Col3"/>
<entry key="4" type="xstring" value="Col4"/>
<entry key="5" type="xstring" value="Col5"/>
<entry key="6" type="xstring" value="Col6"/>
<entry key="7" type="xstring" value="Col7"/>
<entry key="8" type="xstring" value="Col8"/>
<entry key="9" type="xstring" value="Col9"/>
<entry key="10" type="xstring" value="Col10"/>
<entry key="11" type="xstring" value="Col11"/>
<entry key="12" type="xstring" value="Col12"/>
<entry key="13" type="xstring" value="Col13"/>
<entry key="14" type="xstring" value="Col14"/>
<entry key="15" type="xstring" value="Col15"/>
<entry key="16" type="xstring" value="Col16"/>
<entry key="17" type="xstring" value="Col17"/>
<entry key="18" type="xstring" value="Col18"/>
<entry key="19" type="xstring" value="Col19"/>
<entry key="20" type="xstring" value="Col20"/>
<entry key="21" type="xstring" value="Col21"/>
<entry key="22" type="xstring" value="Col22"/>
<entry key="23" type="xstring" value="Col23"/>
<entry key="24" type="xstring" value="Col24"/>
<entry key="25" type="xstring" value="Col25"/>
<entry key="26" type="xstring" value="Col26"/>
<entry key="27" type="xstring" value="Col27"/>
<entry key="28" type="xstring" value="Col28"/>
<entry key="29" type="xstring" value="Col29"/>
<entry key="30" type="xstring" value="Col30"/>
<entry key="31" type="xstring" value="Col31"/>
<entry key="32" type="xstring" value="Col32"/>
<entry key="33" type="xstring" value="Col33"/>
<entry key="34" type="xstring" value="Col34"/>
<entry key="35" type="xstring" value="Col35"/>
<entry key="36" type="xstring" value="Col36"/>
<entry key="37" type="xstring" value="Col37"/>
<entry key="38" type="xstring" value="Col38"/>
<entry key="39" type="xstring" value="Col39"/>
<entry key="40" type="xstring" value="Col40"/>
<entry key="41" type="xstring" value="Col41"/>
<entry key="42" type="xstring" value="Col42"/>
<entry key="43" type="xstring" value="Col43"/>
<entry key="44" type="xstring" value="Col44"/>
<entry key="45" type="xstring" value="Col45"/>
<entry key="46" type="xstring" value="Col46"/>
<entry key="47" type="xstring" value="Col47"/>
<entry key="48" type="xstring" value="Col48"/>
<entry key="49" type="xstring" value="Col49"/>
<entry key="50" type="xstring" value="Col50"/>
<entry key="51" type="xstring" value="Col51"/>
<entry key="52" type="xstring" value="Col52"/>
<entry key="53" type="xstring" value="Col53"/>
<entry key="54" type="xstring" value="Col54"/>
<entry key="55" type="xstring" value="Col55"/>
<entry key="56" type="xstring" value="Col56"/>
<entry key="57" type="xstring" value="Col57"/>
<entry key="58" type="xstring" value="Col58"/>
<entry key="59" type="xstring" value="Col59"/>
<entry key="60" type="xstring" value="Col60"/>
<entry key="61" type="xstring" value="Col61"/>
<entry key="62" type="xstring" value="Col62"/>
<entry key="63" type="xstring" value="Col63"/>
<entry key="64" type="xstring" value="Col64"/>
<entry key="65" type="xstring" value="Col65"/>
<entry key="66" type="xstring" value="Col66"/>
<entry key="67" type="xstring" value="Col67"/>
<entry key="68" type="xstring" value="Col68"/>
<entry key="69" type="xstring" value="Col69"/>
<entry key="70" type="xstring" value="Col70"/>
<entry key="71" type="xstring" value="Col71"/>
<entry key="72" type="xstring" value="Col72"/>
<entry key="73" type="xstring" value="Col73"/>
<entry key="74" type="xstring" value="Col74"/>
<entry key="75" type="xstring" value="Col75"/>
<entry key="76" type="xstring" value="Col76"/>
<entry key="77" type="xstring" value="Col77"/>
<entry key="78" type="xstring" value="Col78"/>
<entry key="79" type="xstring" value="Col79"/>
<entry key="80" type="xstring" value="Col80"/>
<entry key="81" type="xstring" value="Col81"/>
<entry key="82" type="xstring" value="Col82"/>
<entry key="83" type="xstring" value="Col83"/>
<entry key="84" type="xstring" value="Col84"/>
<entry key="85" type="xstring" value="Col85"/>
<entry key="86" type="xstring" value="Col86"/>
<entry key="87" type="xstring" value="Col87"/>
<entry key="88" type="xstring" value="Col88"/>
<entry key="89" type="xstring" value="Col89"/>
<entry key="90" type="xstring" value="Col90"/>
<entry key="91" type="xstring" value="Col91"/>
<entry key="92" type="xstring" value="Col92"/>
<entry key="93" type="xstring" value="Col93"/>
<entry key="94" type="xstring" value="Col94"/>
<entry key="95" type="xstring" value="Col95"/>
<entry key="96" type="xstring" value="Col96"/>
<entry key="97" type="xstring" value="Col97"/>
<entry key="98" type="xstring" value="Col98"/>
<entry key="99" type="xstring" value="Col99"/>
<entry key="100" type="xstring" value="Col100"/>
<entry key="101" type="xstring" value="Col101"/>
<entry key="102" type="xstring" value="Col102"/>
<entry key="103" type="xstring" value="Col103"/>
<entry key="104" type="xstring" value="Col104"/>
<entry key="105" type="xstring" value="Col105"/>
<entry key="106" type="xstring" value="Col106"/>
<entry key="107" type="xstring" value="Col107"/>
<entry key="108" type="xstring" value="Col108"/>
<entry key="109" type="xstring" value="Col109"/>
<entry key="110" type="xstring" value="Col110"/>
<entry key="111" type="xstring" value="Col111"/>
<entry key="112" type="xstring" value="Col112"/>
<entry key="113" type="xstring" value="Col113"/>
<entry key="114" type="xstring" value="Col114"/>
<entry key="115" type="xstring" value="Col115"/>
<entry key="116" type="xstring" value="Col116"/>
<entry key="117" type="xstring" value="Col117"/>
<entry key="118" type="xstring" value="Col118"/>
<entry key="119" type="xstring" value="Col119"/>
<entry key="120" type="xstring" value="Col120"/>
<entry key="121" type="xstring" value="Col121"/>
<entry key="122" type="xstring" value="Col122"/>
</config>
<config key="target">
<entry key="array-size" type="xint" value="0"/>
</config>
</config>
